{"assets/images/Capture.PNG":["assets/images/Capture.PNG"],"assets/images/logo.png":["assets/images/logo.png"],"assets/images/nk.png":["assets/images/nk.png"],"assets/images/nklogo.png":["assets/images/nklogo.png"],"packages/cupertino_icons/assets/CupertinoIcons.ttf":["packages/cupertino_icons/assets/CupertinoIcons.ttf"],"packages/flutter_inappwebview/assets/t_rex_runner/t-rex.css":["packages/flutter_inappwebview/assets/t_rex_runner/t-rex.css"],"packages/flutter_inappwebview/assets/t_rex_runner/t-rex.html":["packages/flutter_inappwebview/assets/t_rex_runner/t-rex.html"]}